firstname,,api weight
DAVID,1155,1155
JOHN,2153,998
MICHAEL,3100,947
JAMES,3773,673
PAUL,4305,532
RICHARD,4827,522
PETER,5334,507
KEVIN,5810,476
JOSEPH,6280,470
ROBERT,6725,445
THOMAS,7155,430
YOUNG,7577,422
WILLIAM,7992,415
HUNG,8403,411
WEI,8802,399
HONG,9191,389
DANIEL,9579,388
HENRY,9966,387
STEVEN,10352,386
ERIC,10730,378
THANH,11095,365
TONY,11451,356
YONG,11799,348
JASON,12137,338
ANDREW,12473,336
ANTHONY,12798,325
MINH,13114,316
MOHAMMAD,13417,303
EDWARD,13713,296
LI,14007,294
BRIAN,14298,291
CHRISTOPHER,14588,290
GEORGE,14873,285
KENNETH,15144,271
RAYMOND,15409,265
JIAN,15674,265
JIN,15936,262
JUN,16189,253
MARK,16441,252
TUAN,16691,250
CHARLES,16933,242
RAJESH,17175,242
JEFFREY,17416,241
STEPHEN,17657,241
YAN,17897,240
SUNG,18135,238
GARY,18366,231
MING,18597,231
ALAN,18827,230
MOHAMMED,19057,230
JIMMY,19284,227
VINCENT,19508,224
JONATHAN,19731,223
MIN,19954,223
YU,20175,221
JOSE,20393,218
DENNIS,20610,217
SANJAY,20827,217
CHI,21044,217
PHUONG,21260,216
ANDY,21474,214
SYED,21687,213
HAI,21898,211
STEVE,22106,208
DUNG,22312,206
DANNY,22512,200
YI,22711,199
BENJAMIN,22909,198
SANG,23107,198
VICTOR,23303,196
PATRICK,23496,193
JING,23686,190
FRANK,23875,189
RONALD,24063,188
YING,24247,184
ALBERT,24429,182
DONG,24611,182
LONG,24792,181
PHILIP,24971,179
SAMUEL,25150,179
MEI,25328,178
HUI,25506,178
JUNG,25684,178
ALEX,25861,177
ANH,26036,175
KYUNG,26210,174
AMIT,26382,172
ANIL,26553,171
SON,26724,171
HOA,26892,168
CUONG,27057,165
SUNIL,27216,159
CHUNG,27373,157
LINH,27529,156
DUC,27684,155
KEN,27838,154
WAI,27992,154
CHANG,28145,153
TIMOTHY,28296,151
VIJAY,28447,151
XIAO,28598,151
VINH,28748,150
JIE,28898,150
RYAN,29047,149
HOANG,29196,149
ALEXANDER,29344,148
TOM,29492,148
RAVI,29640,148
TAM,29788,148
CHUN,29935,147
WEN,30081,146
HAO,30227,146
JAE,30372,145
JERRY,30514,142
RAMESH,30656,142
PING,30798,142
CHONG,30938,140
SAM,31077,139
JACK,31213,136
JAY,31349,136
KHANH,31485,136
STANLEY,31620,135
SURESH,31755,135
ASHOK,31889,134
SUN,32023,134
BINH,32156,133
WAYNE,32288,132
JOHNNY,32420,132
XIN,32552,132
FRANCIS,32683,131
ANTONIO,32813,130
FENG,32943,130
KENNY,33072,129
EUN,33201,129
DAN,33329,128
SCOTT,33456,127
MIKE,33583,127
TRUNG,33709,126
MUHAMMAD,33834,125
EUGENE,33958,124
TRI,34082,124
YANG,34206,124
NAM,34326,120
MATTHEW,34445,119
EDWIN,34562,117
SIMON,34678,116
LAWRENCE,34792,114
ROY,34905,113
HYUN,35018,113
RAKESH,35130,112
DEEPAK,35242,112
LEI,35354,112
QUANG,35465,111
LIN,35575,110
CALVIN,35684,109
PHONG,35793,109
HUY,35902,109
AJAY,36010,108
SANDEEP,36118,108
JONG,36226,108
CHRIS,36333,107
TAI,36439,106
BAO,36545,106
AN,36651,106
GLENN,36756,105
TAN,36861,105
LEE,36965,104
ABDUL,37069,104
QING,37173,104
BRYAN,37276,103
ROGER,37378,102
DANILO,37480,102
ANAND,37582,102
SRINIVAS,37684,102
SHU,37786,102
MANISH,37887,101
HUA,37988,101
ASHISH,38088,100
QUAN,38188,100
ALLEN,38287,99
ROMEO,38386,99
BO,38485,99
SOON,38584,99
ARTHUR,38682,98
BEN,38780,98
HOWARD,38877,97
CHAU,38974,97
CHENG,39070,96
MANOJ,39165,95
JIM,39259,94
ARUN,39353,94
SATISH,39447,94
VU,39541,94
GREGORY,39634,93
RANDY,39727,93
EDUARDO,39820,93
KIRAN,39913,93
TAE,40006,93
TAO,40099,93
JOE,40191,92
DON,40283,92
TOMMY,40375,92
LARRY,40466,91
BIN,40557,91
LING,40648,91
YEN,40739,91
PHILLIP,40829,90
KRISHNA,40919,90
TIEN,41009,90
TUNG,41099,90
NGOC,41189,90
LAM,41279,90
JUSTIN,41368,89
BING,41457,89
VIVEK,41545,88
LOC,41633,88
DONALD,41720,87
KEITH,41807,87
WING,41894,87
YUE,41981,87
RONG,42068,87
KAI,42154,86
MOHAN,42240,86
SANJEEV,42326,86
SONG,42412,86
QIANG,42498,86
DOUGLAS,42583,85
MANUEL,42668,85
EDDIE,42753,85
RAHUL,42838,85
VENKATA,42923,85
DEREK,43007,84
HARRY,43091,84
THAI,43175,84
THANG,43259,84
MAHESH,43342,83
HAN,43425,83
BYUNG,43508,83
HANH,43591,83
ALLAN,43673,82
WILSON,43754,81
MAN,43835,81
ROLANDO,43915,80
ZHI,43995,80
HANG,44075,80
TU,44155,80
LIEN,44235,80
RAMON,44314,79
NELSON,44393,79
RAJIV,44472,79
SEUNG,44551,79
ROBERTO,44629,78
ERNESTO,44707,78
SOO,44785,78
JAIME,44862,77
PANKAJ,44939,77
QI,45016,77
LOAN,45093,77
HO,45170,77
YUAN,45247,77
SEAN,45323,76
JIA,45399,76
ALVIN,45474,75
RODOLFO,45549,75
REYNALDO,45624,75
SU,45699,75
BRUCE,45773,74
AARON,45847,74
DEAN,45921,74
NORMAN,45995,74
RAJ,46069,74
MY,46143,74
HIEU,46217,74
GANG,46291,74
KIN,46365,74
WON,46438,73
TONG,46511,73
CHAO,46583,72
HUAN,46655,72
ZHONG,46727,72
DINESH,46798,71
GUO,46869,71
SAMIR,46939,70
PRAKASH,47009,70
LE,47079,70
KI,47149,70
CHUONG,47219,70
MOHAMED,47288,69
TIN,47356,68
JI,47424,68
LIANG,47492,68
THUAN,47560,68
MARIO,47626,66
TIM,47692,66
RAJENDRA,47758,66
ROHIT,47824,66
SRINIVASA,47890,66
QUOC,47956,66
ZHEN,48022,66
RICARDO,48087,65
VINOD,48152,65
PHUC,48217,65
KWANG,48282,65
VIET,48347,65
WARREN,48411,64
JYOTI,48475,64
RAJEEV,48539,64
LOUIS,48602,63
FREDERICK,48665,63
PRASHANT,48728,63
THIEN,48791,63
MARTIN,48853,62
JACOB,48915,62
FRANCISCO,48977,62
MATHEW,49039,62
PRADEEP,49101,62
NGHIA,49163,62
THONG,49225,62
JUAN,49286,61
NATHAN,49347,61
RAY,49408,61
BILL,49469,61
PRASAD,49530,61
GERALD,49590,60
GORDON,49650,60
RICKY,49710,60
CESAR,49770,60
RUI,49830,60
BHARAT,49890,60
VINAY,49950,60
NHAN,50010,60
CHINH,50070,60
WALTER,50129,59
CARLOS,50188,59
JEFF,50247,59
KAMAL,50306,59
CHAN,50365,59
HIEP,50424,59
CHING,50483,59
JOSHUA,50541,58
JOEL,50599,58
ALFRED,50657,58
ROGELIO,50715,58
KELVIN,50773,58
NITIN,50831,58
YAO,50889,58
NING,50947,58
FERNANDO,51004,57
LAKSHMI,51061,57
THINH,51118,57
DAT,51175,57
BRANDON,51231,56
EMMANUEL,51287,56
PRAVEEN,51343,56
SRIDHAR,51399,56
TOAN,51455,56
XUAN,51511,56
PENG,51567,56
FANG,51623,56
KWOK,51679,56
CRAIG,51734,55
RUSSELL,51789,55
EDGAR,51844,55
KAM,51899,55
PHU,51954,55
JON,52008,54
FRED,52062,54
TED,52116,54
SEEMA,52170,54
SUNITA,52224,54
MANISHA,52278,54
ATUL,52332,54
SACHIN,52386,54
ANURADHA,52440,54
TING,52494,54
CHIN,52548,54
KENT,52601,53
ALFREDO,52654,53
RENATO,52707,53
SONNY,52760,53
RASHMI,52813,53
JEONG,52866,53
JESUS,52918,52
JOHNSON,52970,52
AJIT,53022,52
VIJAYA,53074,52
XIAODONG,53126,52
SHAWN,53177,51
ABRAHAM,53228,51
SURINDER,53279,51
RAVINDER,53330,51
GANESH,53381,51
FAN,53432,51
HUE,53483,51
LY,53534,51
QIAN,53585,51
XIANG,53636,51
XUE,53687,51
BILLY,53737,50
OSCAR,53787,50
RAM,53837,50
ARVIND,53887,50
MUKESH,53937,50
WAN,53987,50
HEE,54037,50
SHENG,54087,50
VIKRAM,54136,49
SHILPA,54185,49
MADHU,54234,49
DEEPA,54283,49
QUYNH,54332,49
CHEN,54381,49
KUN,54430,49
ADAM,54478,48
CARL,54526,48
JAMIE,54574,48
RODNEY,54622,48
BOBBY,54670,48
JESSIE,54718,48
EDGARDO,54766,48
SUDHA,54814,48
JASWINDER,54862,48
SANTOSH,54910,48
KHOA,54958,48
XIU,55006,48
NICHOLAS,55053,47
GLEN,55100,47
DARREN,55147,47
FRANKLIN,55194,47
IVAN,55241,47
MANJIT,55288,47
VIKAS,55335,47
KANG,55382,47
ARMANDO,55428,46
ALBERTO,55474,46
ROLAND,55520,46
FELIX,55566,46
KING,55612,46
HARPREET,55658,46
MAHENDRA,55704,46
PRIYA,55750,46
NARENDRA,55796,46
SUDHIR,55842,46
NGUYEN,55888,46
PHAT,55934,46
RAJINDER,55979,45
GIRISH,56024,45
YIN,56069,45
ZHENG,56114,45
DIEP,56159,45
JOON,56204,45
PEI,56249,45
XU,56294,45
JESSE,56338,44
THEODORE,56382,44
HERMAN,56426,44
BENNY,56470,44
VIRGILIO,56514,44
VISHAL,56558,44
UMA,56602,44
NARINDER,56646,44
SAI,56690,44
SRIKANTH,56734,44
SRINIVASAN,56778,44
DINH,56822,44
FEI,56866,44
KA,56910,44
ERNEST,56953,43
MELVIN,56996,43
ARNOLD,57039,43
KHALID,57082,43
GEETA,57125,43
NILESH,57168,43
NARESH,57211,43
KAMLESH,57254,43
MURALI,57297,43
LOI,57340,43
THI,57383,43
AHMAD,57425,42
DILIP,57467,42
MEENA,57509,42
KAVITA,57551,42
SMITA,57593,42
GOPAL,57635,42
KIET,57677,42
YOON,57719,42
PHUNG,57761,42
CURTIS,57802,41
NEIL,57843,41
BERNARD,57884,41
WESLEY,57925,41
WILFREDO,57966,41
RANJIT,58007,41
NAVEEN,58048,41
ARCHANA,58089,41
HARISH,58130,41
THO,58171,41
GIANG,58212,41
TRUONG,58253,41
JEROME,58293,40
DAVE,58333,40
ERWIN,58373,40
FERDINAND,58413,40
HARJINDER,58453,40
XING,58493,40
YUNG,58533,40
DUY,58573,40
TUYEN,58613,40
SHI,58653,40
RANDALL,58692,39
LUIS,58731,39
RICK,58770,39
GILBERT,58809,39
AHMED,58848,39
SAMEER,58887,39
PARAMJIT,58926,39
SHAILESH,58965,39
ANJALI,59004,39
SONAL,59043,39
GAURAV,59082,39
MYONG,59121,39
SANGEETA,59160,39
SANJIV,59199,39
OANH,59238,39
KHOI,59277,39
QIN,59316,39
GUANG,59355,39
YEE,59394,39
XI,59433,39
CHIEN,59472,39
KYLE,59510,38
LEONARD,59548,38
MARVIN,59586,38
CLIFFORD,59624,38
RUBEN,59662,38
REX,59700,38
AMIR,59738,38
KALPANA,59776,38
RAMA,59814,38
MADHAVI,59852,38
RAVINDRA,59890,38
HENG,59928,38
LIEM,59966,38
CHIA,60004,38
TODD,60041,37
KARL,60078,37
LANCE,60115,37
SWATI,60152,37
BALAJI,60189,37
PARESH,60226,37
SUMIT,60263,37
JAYESH,60300,37
CHIRAG,60337,37
VENKATESH,60374,37
HYUNG,60411,37
PHUOC,60448,37
SEONG,60485,37
JOO,60522,37
KE,60559,37
NICK,60595,36
FE,60631,36
AMARJIT,60667,36
DIPAK,60703,36
NEERAJ,60739,36
DUONG,60775,36
QUY,60811,36
HAROLD,60846,35
GENE,60881,35
NESTOR,60916,35
RAJA,60951,35
PRITI,60986,35
VEENA,61021,35
PARUL,61056,35
JITENDRA,61091,35
VANDANA,61126,35
DAO,61161,35
MENG,61196,35
DERRICK,61230,34
JOEY,61264,34
WINSTON,61298,34
TARIQ,61332,34
GURPREET,61366,34
KUMAR,61400,34
HARI,61434,34
CAM,61468,34
SOHAIL,61502,34
SURENDRA,61536,34
APARNA,61570,34
SUMAN,61604,34
RAJU,61638,34
SANDHYA,61672,34
KISHORE,61706,34
DIEM,61740,34
TIAN,61774,34
CHIH,61808,34
HUYEN,61842,34
KYU,61876,34
SHAO,61910,34
IAN,61943,33
ARTURO,61976,33
OLIVER,62009,33
REKHA,62042,33
VIPUL,62075,33
RITU,62108,33
CHETAN,62141,33
DAI,62174,33
YOGESH,62207,33
BONG,62240,33
KIEN,62273,33
HYO,62306,33
SIU,62339,33
GERARDO,62371,32
LEONARDO,62403,32
EDMOND,62435,32
SAMSON,62467,32
NEHA,62499,32
INDERJIT,62531,32
KY,62563,32
JIGNESH,62595,32
LIAN,62627,32
UMESH,62659,32
MOON,62691,32
DANH,62723,32
HAU,62755,32
FU,62787,32
DALE,62818,31
GREG,62849,31
CLARENCE,62880,31
EDMUND,62911,31
RUDY,62942,31
TY,62973,31
IMRAN,63004,31
JOSELITO,63035,31
NIKHIL,63066,31
PRAVIN,63097,31
PARMINDER,63128,31
ARUNA,63159,31
TUSHAR,63190,31
HINA,63221,31
SIVAKUMAR,63252,31
CHUAN,63283,31
NGAN,63314,31
WOO,63345,31
RAUL,63375,30
RODRIGO,63405,30
JACKSON,63435,30
HAMID,63465,30
SAN,63495,30
AMITA,63525,30
VENKAT,63555,30
JAGDISH,63585,30
TRAM,63615,30
HWA,63645,30
CHRISTIAN,63674,29
LEON,63703,29
SHAHID,63732,29
PARAG,63761,29
NIRMALA,63790,29
GAUTAM,63819,29
KULWINDER,63848,29
ARNEL,63877,29
GEETHA,63906,29
ALKA,63935,29
HETAL,63964,29
KULWANT,63993,29
SI,64022,29
PREETI,64051,29
SHIN,64080,29
KONG,64109,29
TAK,64138,29
DOAN,64167,29
PO,64196,29
HOI,64225,29
LUKE,64253,28
EFREN,64281,28
RONALDO,64309,28
RAJAN,64337,28
HEMANT,64365,28
JATINDER,64393,28
SUSHIL,64421,28
VAISHALI,64449,28
BHAVNA,64477,28
JASBIR,64505,28
KETAN,64533,28
MANJU,64561,28
POONAM,64589,28
SRIRAM,64617,28
ABHIJIT,64645,28
ANUP,64673,28
RAMAN,64701,28
CHU,64729,28
YE,64757,28
HOAN,64785,28
PHI,64813,28
MAO,64841,28
DANG,64869,28
ZHUO,64897,28
RALPH,64924,27
ENRIQUE,64951,27
RON,64978,27
MILTON,65005,27
PREM,65032,27
JAI,65059,27
ROMMEL,65086,27
MILIND,65113,27
SUKHWINDER,65140,27
VARSHA,65167,27
SAVITA,65194,27
KAMALJIT,65221,27
KAUSHIK,65248,27
RENU,65275,27
KAVITHA,65302,27
MANU,65329,27
SUDHAKAR,65356,27
AI,65383,27
CHEE,65410,27
MANH,65437,27
TRUC,65464,27
SENG,65491,27
PHAN,65518,27
PUI,65545,27
TINH,65572,27
XIAOFENG,65599,27
SO,65626,27
YUK,65653,27
CHAD,65679,26
BARRY,65705,26
RAFAEL,65731,26
LLOYD,65757,26
OMAR,65783,26
ORLANDO,65809,26
DOMINGO,65835,26
ROMULO,65861,26
NIRMAL,65887,26
ANJU,65913,26
ANKUR,65939,26
HITESH,65965,26
CAN,65991,26
MEERA,66017,26
RITESH,66043,26
HEMA,66069,26
DALJIT,66095,26
SUBHASH,66121,26
CHITRA,66147,26
TARUN,66173,26
HIMANSHU,66199,26
MARC,66224,25
ISAAC,66249,25
PABLO,66274,25
BOB,66299,25
VINCE,66324,25
GIL,66349,25
SALIM,66374,25
ASIF,66399,25
NEELAM,66424,25
ALOK,66449,25
MEHUL,66474,25
VIDYA,66499,25
ANJANA,66524,25
BALWINDER,66549,25
SHYAM,66574,25
NAVIN,66599,25
SHASHI,66624,25
UDAY,66649,25
DZUNG,66674,25
XIA,66699,25
JEFFERY,66723,24
PEDRO,66747,24
STUART,66771,24
GEOFFREY,66795,24
GABRIEL,66819,24
HERBERT,66843,24
DARRYL,66867,24
BYRON,66891,24
DOMINIC,66915,24
JULIUS,66939,24
VICENTE,66963,24
CONRADO,66987,24
BENSON,67011,24
FAISAL,67035,24
HARINDER,67059,24
ARIF,67083,24
MA,67107,24
SANGITA,67131,24
RENUKA,67155,24
PADMA,67179,24
PIYUSH,67203,24
SHALINI,67227,24
MANJULA,67251,24
KARTHIK,67275,24
MANPREET,67299,24
MAYANK,67323,24
CHANH,67347,24
KAO,67371,24
LIXIN,67395,24
NAI,67419,24
WANG,67443,24
WEIMIN,67467,24
XIAN,67491,24
XIAOHONG,67515,24
JEREMY,67538,23
JAN,67561,23
WILLIE,67584,23
ADRIAN,67607,23
REZA,67630,23
SATYA,67653,23
IQBAL,67676,23
JUANITO,67699,23
MAMTA,67722,23
NHU,67745,23
XIAOPING,67768,23
ZHAO,67791,23
RONNIE,67813,22
ALEJANDRO,67835,22
SALVADOR,67857,22
VERNON,67879,22
DEXTER,67901,22
BENEDICT,67923,22
ASHWIN,67945,22
LUAN,67967,22
SHANKAR,67989,22
NEETA,68011,22
DO,68033,22
KUO,68055,22
LIMING,68077,22
MU,68099,22
ZHE,68121,22
JORGE,68142,21
MITCHELL,68163,21
GRANT,68184,21
DARYL,68205,21
ALFONSO,68226,21
WALLACE,68247,21
GREGORIO,68268,21
WILFRED,68289,21
BERNARDO,68310,21
SAYED,68331,21
ARTI,68352,21
JAYANT,68373,21
KYAW,68394,21
TRONG,68415,21
MARCUS,68435,20
ROSS,68455,20
ANDRE,68475,20
TERENCE,68495,20
SPENCER,68515,20
MARLON,68535,20
CLEMENT,68555,20
AMAR,68575,20
MANDEEP,68595,20
JESSY,68615,20
NADEEM,68635,20
BALDEV,68655,20
SHARAD,68675,20
BINA,68695,20
DA,68715,20
DIEU,68735,20
SHIH,68755,20
SHUANG,68775,20
YIU,68795,20
TRAVIS,68814,19
TROY,68833,19
MIGUEL,68852,19
GUY,68871,19
NEAL,68890,19
DWIGHT,68909,19
AUSTIN,68928,19
TOMAS,68947,19
PHIL,68966,19
SHERMAN,68985,19
TEDDY,69004,19
CHUCK,69023,19
HASSAN,69042,19
ADNAN,69061,19
ROSHAN,69080,19
ASMA,69099,19
BHUPINDER,69118,19
SHEELA,69137,19
GE,69156,19
HOAI,69175,19
KOU,69194,19
LIHUA,69213,19
XIONG,69232,19
BRADLEY,69250,18
GERARD,69268,18
TERRENCE,69286,18
SHAUN,69304,18
HARVEY,69322,18
LESTER,69340,18
GARRETT,69358,18
FELIPE,69376,18
DANTE,69394,18
JAMAL,69412,18
DICK,69430,18
MAHMOOD,69448,18
HUEY,69466,18
EDILBERTO,69484,18
BIPIN,69502,18
LILIBETH,69520,18
RASHID,69538,18
DE,69556,18
ABHISHEK,69574,18
BA,69592,18
FEN,69610,18
HING,69628,18
KIEU,69646,18
KWONG,69664,18
VIEN,69682,18
WEIDONG,69700,18
ZHIQIANG,69718,18
ERIK,69735,17
EARL,69752,17
JAYSON,69769,17
DENNY,69786,17
SOLOMON,69803,17
AMADO,69820,17
REY,69837,17
JACKY,69854,17
ANWAR,69871,17
DIONISIO,69888,17
MASOOD,69905,17
NEENA,69922,17
ASIM,69939,17
GIAO,69956,17
GUAN,69973,17
KHANG,69990,17
SEN,70007,17
SUONG,70024,17
TAKASHI,70041,17
THUC,70058,17
UT,70075,17
WEIMING,70092,17
XUN,70109,17
ZHIYONG,70126,17
SHANE,70142,16
DUANE,70158,16
CORY,70174,16
PERRY,70190,16
RANDOLPH,70206,16
CHESTER,70222,16
LORENZO,70238,16
CONRAD,70254,16
BERT,70270,16
HUBERT,70286,16
DARWIN,70302,16
MOHAMAD,70318,16
ANTONY,70334,16
KARIM,70350,16
SAEED,70366,16
FARIDA,70382,16
NALINI,70398,16
AKBAR,70414,16
RUBINA,70430,16
JEE,70446,16
JIANHUA,70462,16
MIAO,70478,16
NANG,70494,16
SEOK,70510,16
SOK,70526,16
ZHIGANG,70542,16
ZI,70558,16
YOSHIKO,70574,16
BRENT,70589,15
SERGIO,70604,15
JULIO,70619,15
CLAYTON,70634,15
MAX,70649,15
PIERRE,70664,15
JEFFERSON,70679,15
CARLO,70694,15
ERNIE,70709,15
IBRAHIM,70724,15
MEHDI,70739,15
AUGUSTO,70754,15
FARHAD,70769,15
KHALED,70784,15
ABBAS,70799,15
MAJID,70814,15
DUKE,70829,15
TITO,70844,15
ANILA,70859,15
BRIJESH,70874,15
CHEUK,70889,15
HUN,70904,15
JIANGUO,70919,15
JIANWEI,70934,15
KEE,70949,15
KOJI,70964,15
QIU,70979,15
SHUI,70994,15
WEIPING,71009,15
WOON,71024,15
XUEJUN,71039,15
KERRY,71053,14
KIRK,71067,14
HECTOR,71081,14
ANDRES,71095,14
DAMON,71109,14
RODERICK,71123,14
LELAND,71137,14
SEBASTIAN,71151,14
ANSON,71165,14
KURT,71178,13
DUSTIN,71191,13
DARRELL,71204,13
NATHANIEL,71217,13
COLIN,71230,13
GUILLERMO,71243,13
FLOYD,71256,13
MILES,71269,13
BRYANT,71282,13
ROCKY,71295,13
BENITO,71308,13
LEOPOLDO,71321,13
MARCELINO,71334,13
KAMRAN,71347,13
AMIN,71360,13
LORETO,71373,13
LEWIS,71385,12
CLINTON,71397,12
REGINALD,71409,12
DOUG,71421,12
ERICK,71433,12
WENDELL,71445,12
PAT,71457,12
FEDERICO,71469,12
NOLAN,71481,12
CEDRIC,71493,12
MARIANO,71505,12
MILAN,71517,12
HARRIS,71529,12
MAHMOUD,71541,12
TEODORO,71553,12
EDMUNDO,71565,12
FARID,71577,12
BONIFACIO,71589,12
AVELINO,71601,12
TRACEY,71612,11
ZACHARY,71623,11
HUGH,71634,11
DENIS,71645,11
DEVIN,71656,11
ISMAEL,71667,11
FREDDIE,71678,11
ED,71689,11
MOSES,71700,11
IRWIN,71711,11
ELISEO,71722,11
CARMELO,71733,11
DAVIS,71744,11
ADEL,71755,11
CYRIL,71766,11
MUSTAFA,71777,11
ARTEMIO,71788,11
ARSENIO,71799,11
HERMINIO,71810,11
WILLY,71821,11
WADE,71831,10
DARIN,71841,10
LAURENCE,71851,10
TERRANCE,71861,10
GARRY,71871,10
NICOLAS,71881,10
HANS,71891,10
OWEN,71901,10
TYRONE,71911,10
GAVIN,71921,10
JOHNATHAN,71931,10
JAKE,71941,10
REID,71951,10
CLIFF,71961,10
LINCOLN,71971,10
NADER,71981,10
NABIL,71991,10
SAMER,72001,10
PERCY,72011,10
ASHRAF,72021,10
FLORENCIO,72031,10
LUC,72041,10
RICO,72051,10
ROHAN,72061,10
AMER,72071,10
TYLER,72080,9
GREGG,72089,9
BRADFORD,72098,9
RANDAL,72107,9
CLARK,72116,9
CLINT,72125,9
IGNACIO,72134,9
ELIAS,72143,9
SHELDON,72152,9
ETHAN,72161,9
PETE,72170,9
AGUSTIN,72179,9
DAREN,72188,9
ALAIN,72197,9
ALEC,72206,9
EMAD,72215,9
EMERSON,72224,9
MASOUD,72233,9
HASAN,72242,9
ABDULLAH,72251,9
AZIZ,72260,9
CRISPIN,72269,9
HANK,72278,9
ISMAIL,72287,9
ARVIN,72296,9
ELPIDIO,72305,9
SEYED,72314,9
MELCHOR,72323,9
PARVIN,72332,9
ROMY,72341,9
JARED,72349,8
MARCO,72357,8
CAMERON,72365,8
MARSHALL,72373,8
STEWART,72381,8
STEFAN,72389,8
NOAH,72397,8
RUDOLPH,72405,8
JOAQUIN,72413,8
MICKEY,72421,8
MOISES,72429,8
GIOVANNI,72437,8
LIONEL,72445,8
OTTO,72453,8
AL,72461,8
ART,72469,8
ELVIS,72477,8
NORBERTO,72485,8
ABELARDO,72493,8
HILARIO,72501,8
FLORENTINO,72509,8
RAMIN,72517,8
SAID,72525,8
MODESTO,72533,8
LEN,72541,8
HUSSEIN,72549,8
SERAFIN,72557,8
FELICIANO,72565,8
MAXIMO,72573,8
ULYSSES,72581,8
SHERWIN,72589,8
NASSER,72597,8
HABIB,72605,8
IMAD,72613,8
JACINTO,72621,8
MAGDY,72629,8
SONA,72637,8
JORDAN,72644,7
BLAKE,72651,7
MATT,72658,7
LUCAS,72665,7
CLIFTON,72672,7
ABEL,72679,7
DARRIN,72686,7
EVERETT,72693,7
PRESTON,72700,7
MYRON,72707,7
LOU,72714,7
ELLIOTT,72721,7
WILLIS,72728,7
LON,72735,7
DINO,72742,7
HOMER,72749,7
EDDY,72756,7
EUGENIO,72763,7
ARNULFO,72770,7
JONAS,72777,7
RAPHAEL,72784,7
JOHANNES,72791,7
CYRUS,72798,7
HARRISON,72805,7
ROSENDO,72812,7
ARMAND,72819,7
TIMMY,72826,7
MOHSEN,72833,7
LYNDON,72840,7
EDISON,72847,7
DONNY,72854,7
ANDERSON,72861,7
GERONIMO,72868,7
LAURO,72875,7
MITRA,72882,7
DONATO,72889,7
RUPERT,72896,7
CONSTANTINO,72903,7
CAMILO,72910,7
ZAHRA,72917,7
JAMIL,72924,7
MALIK,72931,7
PRINCE,72938,7
BERNABE,72945,7
MOSTAFA,72952,7
NARCISO,72959,7
TREVOR,72965,6
JEREMIAH,72971,6
HUGO,72977,6
RAMIRO,72983,6
MARCOS,72989,6
MORRIS,72995,6
SANTIAGO,73001,6
DYLAN,73007,6
EMILIO,73013,6
JESS,73019,6
ANTON,73025,6
VANCE,73031,6
STAN,73037,6
FIDEL,73043,6
ISIDRO,73049,6
MARCEL,73055,6
WILBUR,73061,6
PHILIPPE,73067,6
NIGEL,73073,6
ELBERT,73079,6
DESMOND,73085,6
MAXWELL,73091,6
ELVIN,73097,6
GARRET,73103,6
BARNEY,73109,6
SAMI,73115,6
CELSO,73121,6
CLEMENTE,73127,6
ENRICO,73133,6
PATRICIO,73139,6
EMILIANO,73145,6
DEMETRIO,73151,6
LENNY,73157,6
RAMI,73163,6
QUINCY,73169,6
NEWTON,73175,6
SIMEON,73181,6
MANSOUR,73187,6
RICHMOND,73193,6
RAOUL,73199,6
OMID,73205,6
ARASH,73211,6
HANI,73217,6
NAPOLEON,73223,6
CORNELIO,73229,6
CELESTINO,73235,6
CIRILO,73241,6
BRAD,73246,5
JAVIER,73251,5
SETH,73256,5
LEROY,73261,5
LYLE,73266,5
TAYLOR,73271,5
SCOT,73276,5
MALCOLM,73281,5
JEFFRY,73286,5
BRYCE,73291,5
FREDERIC,73296,5
ELLIOT,73301,5
TYSON,73306,5
KURTIS,73311,5
ESTEBAN,73316,5
MIKHAIL,73321,5
LEVI,73326,5
MARCELO,73331,5
STERLING,73336,5
WILL,73341,5
BENNETT,73346,5
AURELIO,73351,5
GINO,73356,5
PAULO,73361,5
RAYMUNDO,73366,5
TAD,73371,5
QUENTIN,73376,5
WILBERT,73381,5
LANNY,73386,5
GENARO,73391,5
PAOLO,73396,5
FERMIN,73401,5
TAREK,73406,5
BASSAM,73411,5
GHASSAN,73416,5
MELVYN,73421,5
MEHRDAD,73426,5
VON,73431,5
WALLY,73436,5
OMER,73441,5
ANI,73446,5
CHARLEY,73451,5
LEANDRO,73456,5
REYNOLD,73461,5
HANY,73466,5
KRISTOFFER,73471,5
ABNER,73476,5
NEVIN,73481,5
AFSHIN,73486,5
ARNALDO,73491,5
BIJAN,73496,5
AMADOR,73501,5
KAMBIZ,73506,5
CANDIDO,73511,5
PARVIZ,73516,5
TITUS,73521,5
CREIGHTON,73526,5
BENIGNO,73531,5
PAULINO,73536,5
RODERIC,73541,5
BRETT,73545,4
MARION,73549,4
BRENDAN,73553,4
CODY,73557,4
DWAYNE,73561,4
KRISTOPHER,73565,4
ROMAN,73569,4
TRENT,73573,4
BART,73577,4
DOMINICK,73581,4
RORY,73585,4
MAURICIO,73589,4
DAMIAN,73593,4
DANE,73597,4
DARREL,73601,4
EMIL,73605,4
ADOLFO,73609,4
BURTON,73613,4
GALEN,73617,4
KIRBY,73621,4
DAMIEN,73625,4
FREDDY,73629,4
ALDO,73633,4
FABIAN,73637,4
AMOS,73641,4
SANFORD,73645,4
DARIO,73649,4
ELIJAH,73653,4
RUSS,73657,4
LUCIANO,73661,4
ERROL,73665,4
ARI,73669,4
BUDDY,73673,4
MATTHIAS,73677,4
HIRAM,73681,4
EUSEBIO,73685,4
FREDY,73689,4
JASPER,73693,4
PASCUAL,73697,4
JOHANN,73701,4
FADI,73705,4
HENRI,73709,4
BERTRAM,73713,4
MARIKA,73717,4
GIDEON,73721,4
MAHER,73725,4
ROSALIO,73729,4
WILFORD,73733,4
BERNARDINO,73737,4
ARLYN,73741,4
DAVIN,73745,4
KENYON,73749,4
HAMILTON,73753,4
VLADIMIR,73756,3
CURT,73759,3
STEPHAN,73762,3
CLAY,73765,3
IGOR,73768,3
ISRAEL,73771,3
CARLTON,73774,3
FORREST,73777,3
VIRGIL,73780,3
RODGER,73783,3
ELI,73786,3
HAL,73789,3
CHASE,73792,3
NORBERT,73795,3
NOE,73798,3
ARCHIE,73801,3
COLLIN,73804,3
VALENTIN,73807,3
EMANUEL,73810,3
NED,73813,3
ORVILLE,73816,3
XAVIER,73819,3
IRVING,73822,3
ANTOINE,73825,3
JOSEF,73828,3
FRANCO,73831,3
LORIN,73834,3
RUFUS,73837,3
CARSON,73840,3
ALEXANDRE,73843,3
MIKEL,73846,3
SCOTTY,73849,3
LAZARO,73852,3
RONNY,73855,3
ALIREZA,73858,3
NATHANAEL,73861,3
VERN,73864,3
CHET,73867,3
ROBBY,73870,3
SARKIS,73873,3
JOHAN,73876,3
SILAS,73879,3
NORRIS,73882,3
EZRA,73885,3
REGGIE,73888,3
MERVIN,73891,3
BALTAZAR,73894,3
HOSSEIN,73897,3
YOUSSEF,73900,3
HIPOLITO,73903,3
SAL,73906,3
JOHNATHON,73909,3
WARNER,73912,3
ANSELMO,73915,3
CIPRIANO,73918,3
KHALIL,73921,3
SEGUNDO,73924,3
GARRICK,73927,3
LEIGHTON,73930,3
MEHMET,73933,3
ALDEN,73936,3
WALID,73939,3
MAHA,73942,3
MAJOR,73945,3
MAC,73948,3
EPIFANIO,73951,3
DERIC,73954,3
HANAN,73957,3
LENARD,73960,3
MEHRAN,73963,3
CAESAR,73966,3
THIERRY,73969,3
MARINO,73972,3
SHAHIN,73975,3
ISSA,73978,3
HISHAM,73981,3
RAFI,73984,3
TEOFILO,73987,3
GUSTAVO,73989,2
JOSH,73991,2
HUMBERTO,73993,2
MARTY,73995,2
FREDRICK,73997,2
RICKEY,73999,2
BORIS,74001,2
JONATHON,74003,2
WILLARD,74005,2
EFRAIN,74007,2
SERGEY,74009,2
GONZALO,74011,2
DEVON,74013,2
BRADY,74015,2
JARROD,74017,2
DELBERT,74019,2
BOYD,74021,2
REED,74023,2
ANDREAS,74025,2
MONTY,74027,2
HORACE,74029,2
GERMAN,74031,2
GARTH,74033,2
JACQUES,74035,2
DOYLE,74037,2
LEONEL,74039,2
OLEG,74041,2
DONOVAN,74043,2
ALTON,74045,2
VAUGHN,74047,2
DEWEY,74049,2
JOAO,74051,2
IRVIN,74053,2
REUBEN,74055,2
VADIM,74057,2
DOMENIC,74059,2
SYLVESTER,74061,2
DION,74063,2
JOSUE,74065,2
RUSSEL,74067,2
DONN,74069,2
MACK,74071,2
NATALYA,74073,2
ARMEN,74075,2
ARON,74077,2
TRENTON,74079,2
MYLES,74081,2
ELOY,74083,2
BRICE,74085,2
LUCIO,74087,2
MERLIN,74089,2
MITCH,74091,2
MITCHEL,74093,2
MOSHE,74095,2
DARIUS,74097,2
RAND,74099,2
JOSIAH,74101,2
KRISTOFER,74103,2
TADEUSZ,74105,2
ROBB,74107,2
LES,74109,2
FAUSTINO,74111,2
EARLE,74113,2
DOROTA,74115,2
FRANCOIS,74117,2
MEL,74119,2
RUDOLF,74121,2
CLIVE,74123,2
JONAH,74125,2
REINALDO,74127,2
JULES,74129,2
KONSTANTIN,74131,2
ALEKSEY,74133,2
FRITZ,74135,2
SALOMON,74137,2
SEYMOUR,74139,2
LINO,74141,2
ROYAL,74143,2
STANFORD,74145,2
PASCAL,74147,2
GARETH,74149,2
JUNIOR,74151,2
LAURENT,74153,2
PORFIRIO,74155,2
ALESSANDRO,74157,2
ELIOT,74159,2
LUCIEN,74161,2
MISAEL,74163,2
BERTRAND,74165,2
STANTON,74167,2
QUINTIN,74169,2
SABINO,74171,2
BAHRAM,74173,2
RIMA,74175,2
KENDRICK,74177,2
RICHIE,74179,2
ALON,74181,2
AUGUSTIN,74183,2
JULIEN,74185,2
BAHMAN,74187,2
RANIA,74189,2
RITCHIE,74191,2
ALEN,74193,2
ARMIN,74195,2
CARLIN,74197,2
GASPAR,74199,2
KEENAN,74201,2
MAXIMINO,74203,2
ROQUE,74205,2
CONSTANTIN,74207,2
ELDEN,74209,2
MAZEN,74211,2
SIAMAK,74213,2
TYE,74215,2
GILBERTO,74216,1
GRAHAM,74217,1
ALVARO,74218,1
RIGOBERTO,74219,1
LOWELL,74220,1
HEATH,74221,1
CALEB,74222,1
BLAINE,74223,1
DIEGO,74224,1
ROCCO,74225,1
ALEKSANDR,74226,1
BRYON,74227,1
PASQUALE,74228,1
BARTON,74229,1
ROD,74230,1
BEAU,74231,1
LEONID,74232,1
ADAN,74233,1
CORNELIUS,74234,1
AUGUST,74235,1
PAVEL,74236,1
HARLAN,74237,1
HARLEY,74238,1
KORY,74239,1
ANDREY,74240,1
DEWAYNE,74241,1
JERROLD,74242,1
THAD,74243,1
GUS,74244,1
AGNIESZKA,74245,1
CONSTANTINE,74246,1
OKSANA,74247,1
ZANE,74248,1
OSVALDO,74249,1
MAURO,74250,1
EMMETT,74251,1
VIKTOR,74252,1
BARRETT,74253,1
WOODROW,74254,1
EARNEST,74255,1
ALONZO,74256,1
BOGDAN,74257,1
ANDREI,74258,1
ELTON,74259,1
EDUARD,74260,1
BURT,74261,1
MORTON,74262,1
DIMITRI,74263,1
ISAIAS,74264,1
WERNER,74265,1
PARKER,74266,1
DEL,74267,1
DIETER,74268,1
JAMISON,74269,1
WILMER,74270,1
URIEL,74271,1
JERE,74272,1
DUDLEY,74273,1
FOREST,74274,1
DALTON,74275,1
ALPHONSO,74276,1
ARIC,74277,1
KEVEN,74278,1
BERNHARD,74279,1
REYES,74280,1
TANNER,74281,1
MILO,74282,1
ANDERS,74283,1
DOUGLASS,74284,1
LASZLO,74285,1
ALONSO,74286,1
ELEAZAR,74287,1
LOYD,74288,1
MAYNARD,74289,1
VITALIY,74290,1
DILLON,74291,1
BARTHOLOMEW,74292,1
HEINZ,74293,1
ROLLAND,74294,1
VALERIY,74295,1
ZOLTAN,74296,1
MILENA,74297,1
NORMAND,74298,1
DELMAR,74299,1
LESLY,74300,1
THOR,74301,1
LORNE,74302,1
ANGUS,74303,1
WES,74304,1
ABRAM,74305,1
ANTONINO,74306,1
CLEVELAND,74307,1
DARON,74308,1
JARVIS,74309,1
NEVILLE,74310,1
NIKOLAS,74311,1
ROCK,74312,1
SERGEI,74313,1
ANATOLY,74314,1
CLARKE,74315,1
COY,74316,1
RODRICK,74317,1
BRIEN,74318,1
DAMION,74319,1
GREGGORY,74320,1
VASILE,74321,1
BENTON,74322,1
ROLLIN,74323,1
DARRON,74324,1
FRANZ,74325,1
JEFFEREY,74326,1
ARAM,74327,1
CHRISTOPH,74328,1
GLYNN,74329,1
LILIYA,74330,1
TIBOR,74331,1
AUGUSTUS,74332,1
TEDD,74333,1
YVES,74334,1
AVI,74335,1
HENRIK,74336,1
HOYT,74337,1
OLIVIER,74338,1
SHON,74339,1
BRYN,74340,1
LESZEK,74341,1
MIHAI,74342,1
NICOLAE,74343,1
TERRILL,74344,1
UBALDO,74345,1
CECILIO,74346,1
BABAK,74347,1
BRYSON,74348,1
LUCIAN,74349,1
RONY,74350,1
VIDAL,74351,1
AHMET,74352,1
BUD,74353,1
DAX,74354,1
BURKE,74355,1
TATE,74356,1
ABE,74357,1
BEATE,74358,1
CIRO,74359,1
PEYTON,74360,1